Search Term,Tweet Text,URLKusama,"@toshik825 @kusama_wolf 
‹÷‹âÄ‹Ô‹Ê‹âö•_•_•_",Kusama,"@kusama_wolf 
ŠÀ¼‹¨¾Ü‹ª‹âÜ‹âü‹â¤‹â_‹âø•_
‹âö‹â‹Ñ‹(•__ìä•__)•_ •_¼•_ •_¼",Kusama,"_ÙÒá contemporary-art-blog: Yayoi Kusama, Six immersive infinity mirror rooms in the Hirshhorn MuseumåÊ https://t.co/2E2ymzLr4O",https://tmblr.co/Ze1UIx2JJnRaPKusama,RT @agotoronto: We're thrilled to host this exhibition in 2017 by this important artist https://t.co/bd9EtowgxB #5womenartists #IWD2017 #in‰Û_,https://www.wsj.com/articles/the-unstoppable-yayoi-kusama-1486394644Kusama,"@Jmuras04 @kusama_wolf 
‹ª‹À‹¥‹âÒ‹¨Œã»‹Ñ‹¥‹Ç£_‹ã¾¨¼‹¥‹âÎ‹_‹âÜ‹»‹ •_¦•_«•_ª•_©(•_¢_Ùü•_´ìä•_´)•_¢_Ùü",Kusama,Yayoi Kusama (1929 - ) #internationalwomensday https://t.co/88TGhMBmUr,Kusama,@JoePWilliams31 @USCBO site may get more hits when #ahca score posts than @hirshhorn does for #kusama tickets.,Kusama,"@2525chao_my @kusama_wolf 
äø‹ãŒ¨¦¾´‹âÕ¾Î‹Á‹_‹Ñ‹Ù(‹£•_«`o)•_«•_ü•__•_«•_ü•__",Kusama,@SardonicaX Kusama is the hands down exhibition traffic winner.,Kusama,"RT @womensart1: 'I wanted to start a revolution, using art to build the sort of society I myself envisioned' Yayoi Kusama #InternationalWom‰Û_",Kusama,"RT @womensart1: 'I wanted to start a revolution, using art to build the sort of society I myself envisioned' Yayoi Kusama #InternationalWom‰Û_",Kusama,RT @RockAchorao: Nueva reseÌ±a de Tercer Parlante sobre el primer disco de Kusama https://t.co/wHFFzrAHQI,http://fb.me/8qEyKhg5sKusama,Nueva reseÌ±a de Tercer Parlante sobre el primer disco de Kusama https://t.co/wHFFzrAHQI,http://fb.me/8qEyKhg5sKusama,RT @designboom: immerse yourself in six of #yayoikusama's infinity mirror rooms at the @hirshhorn https://t.co/AgF4zCmpV1 https://t.co/VZVA‰Û_,http://www.designboom.com/art/yayoi-kusama-hirshhorn-museum-six-immersive-infinity-mirror-rooms-03-08-2017/Kusama,RT @smgfoster: The art of Yayoi Kusama. Phenomenal experience. #InfiniteKusama https://t.co/TVopxFTT8n,Kusama,"#ReseÌ±a 
Escuchamos el LP debut del trÌ_o local Kusama, 'An Encounter With A Dark Flowering Season', y nos encantÌ_ ‰Ğ¼‰Û_ https://t.co/e7NsTcC9nF",https://twitter.com/i/web/status/839645182505205760Kusama,RT @agotoronto: We're thrilled to host this exhibition in 2017 by this important artist https://t.co/bd9EtowgxB #5womenartists #IWD2017 #in‰Û_,https://www.wsj.com/articles/the-unstoppable-yayoi-kusama-1486394644Kusama,RT @designboom: immerse yourself in six of #yayoikusama's infinity mirror rooms at the @hirshhorn https://t.co/AgF4zCmpV1 https://t.co/VZVA‰Û_,http://www.designboom.com/art/yayoi-kusama-hirshhorn-museum-six-immersive-infinity-mirror-rooms-03-08-2017/Kusama,major millennial milestone: i went to the yayoi kusama infinity room @ the broad today and DIDNT TAKE A SELFIE !!,Kusama,RT @artsiverse: Immersive infinity mirror rooms in the Hirshhorn Museum by Yayoi Kusama https://t.co/gSpu00xjYG,Kusama,‹_‹ø‹âö‹ ‹Ó‹Ğ‹ã‹_‹ª(*^^)v‹ÛÛ¾ÏÂ¾Ñ´‹ââŒĞ¦¾´_ĞÜŒ¤Ü‹Ñ‹_‹Ñ‹Ù‰ª» #au #kddi #toyohashi #toyokawa au¾¼Œüø/‹â_‹Ä_‹Äİ‰àÕ https://t.co/CFJEvhj0Do,http://bit.ly/jBPp8EKusama,RT @Milenio: La 'calabacea'... rompiÌ_ una obra de Yayoi Kusama por tomarse una 'selfie' https://t.co/DdZTgtmHNs https://t.co/psHGceya3d,http://mile.io/2nbQ722Kusama,"RT @akstanwyck: Lone Scherfig, Lucretia Martel, Mary Harron, Anne Fontaine, Catherine Breillat, Karyn Kusama, Anne Fletcher, Kelly Fremont-‰Û_",Kusama,"RT @Theremina: Yayoi Kusama. 

https://t.co/e1b2QV8deZ https://t.co/Ul2KD3IgDt",http://nymag.com/arts/art/features/yayoi-kusama-2012-7/Kusama,"@kusama_wolf 
(èªÕ_èªˆüíÛ)•_«•_ø•_ã
‹‹âÒ‹»‹Ò‹¬‹»‹ã‹âö(èªÕ_èªˆüíÛ)•_«•_ø•_ã
(èªÕ_èªˆüíÛ)•_«•_ø•_ã(èªÕ_èªˆüíÛ)•_«•_ø•_ã(èªÕ_èªˆüíÛ)•_«•_ø•_ã(èªÕ_èªˆüíÛ)•_«•_ø•_ã",Kusama,"The unstoppable Yayoi Kusama, her work blows me away! mindhttps://www.wsj.com/articles/the-unstoppable-yayoi-kusama-1486394644 via @WSJ",Kusama,Tips for how to visit the crazy popular Kusama show at the Hirshorn Museum https://t.co/w23fDg0xzc,https://www.washingtonpost.com/news/going-out-guide/wp/2017/03/07/how-to-survive-the-yayoi-kusama-show-at-the-hirshhorn-museum/?utm_term=.20bb11c1a6e9Kusama,RT @artsiverse: Immersive infinity mirror rooms in the Hirshhorn Museum by Yayoi Kusama https://t.co/gSpu00xjYG,Kusama,"@Rushiru0612 
(èªÕ_èªˆüíÛ)•_«•_ø•_ã
‹ÄÓ‹â¦_¼¾ÑÜŠüü‹ø¾ÛĞ‹ã‹£‹ª
(èªÕ_èªˆüíÛ)•_«•_ø•_ã",Kusama,"@kusama_wolf 
(èªÕ_èªˆüíÛ)•_«•_ø•_ã
‹ÄÓ‹â¦_¼¾ÑÜŠüüŒø¾ãİ‹ã‹âö‹_
(èªÕ_èªˆüíÛ)•_«•_ø•_ã",Kusama,"@Esu_Jinrou 
‹_‹_äø‹Ü‹£‹Ùw
Œø‹»‹ã‹âö‹ ‹ÇÊÔŒ_µ‹âÎ‹âö
¾÷¬¾Ñ´‹Ä_‹â_‹âø‹Ä©‹¤‹‹»‹Ü‹£‹Ù‹âÒ‹Ê‹Ü‹âä
Œø‹Ù‹¬‹Ü_Ü‹Ù_ÂĞÒŒÔ»‹ ",Kusama,"@Rushiru0612 
(èªÕ_èªˆüíÛ)•_«•_ø•_ã‹»‹Ç‹‹âÎ
(èªÕ_èªˆüíÛ)•_«•_ø•_ãŒø¾ãİ‹ã‹Ü‹âöw",Kusama,"@kusama_wolf 
(èªÕ_èªˆüíÛ)•_«•_ø•_ã
(èªÕ_èªˆüíÛ)•_«•_ø•_ã
(èªÕ_èªˆüíÛ)•_«•_ø•_ã
(èªÕ_èªˆüíÛ)•_«•_ø•_ã
‹_‹ü",Kusama,"@Rushiru0612 
(èªÕ_èªˆüíÛ)•_«•_ø•_ãŒŒäŒ_ä‹â‹£‹_‹_
(èªÕ_èªˆüíÛ)•_«•_ø•_ã‹÷‹â‹âÜw",Kusama,"@kusama_wolf 
(èªÕ_èªˆüíÛ)•_«•_ø•_ã‹ÄÓ‹â¦_¼¾ÑÜŠüü‹Ê‹âö",Kusama,"@Rushiru0612 
(èªÕ_èªˆüíÛ)•_«•_ø•_ã‹İ‹âã‹»
(èªÕ_èªˆüíÛ)•_«•_ø•_ã‹ÄÓ‹â¦_¼¾ÑÜŠüü¾ÏÛŒ_á‹Ê‹»•_Ù
(èªÕ_èªˆüíÛ)•_«•_ø•_ã‹Äø‹Ä_‹Ä",Kusama,"@Esu_Jinrou 
‹‹âÎ‹ø‹â»‹Äø‹âÀ‹âã‹_
‹Ò‹âÒ‹»¾ãÙ‹÷‹÷‹âÄ‹»‹Ü‹£‹Ù‹£‹Ô•_Ù‹£‹_‹ã‹ ŒŒä‹ââ‹â‹Ü‹âÒ‹»‹ã_È•_Ù
‹â‹¬‹â‹âÒ‹Á‹âÄ‹âÒŒÜÓ‹Ç_‹Ô‹¡‹ã‹Ô‹âÜ‹_
‹â‹¬Œ__¾ÊÁ‹¨‹Äİ‹Ä_‹ÄÊ‹Ä_‹Ä_‹âü_Ü‹âÜ‹¬‹Ü",Kusama,"@kusama_wolf 
(èªÕ_èªˆüíÛ)•_«•_ø•_ã‹‹âÎ‹»
(èªÕ_èªˆüíÛ)•_«•_ø•_ã‹ÄÓ‹â¦_¼¾ÑÜŠüü‹¨‹_‹Ü‹Õ‹âã‹»
(èªÕ_èªˆüíÛ)•_«•_ø•_ã¾¡Ñ‹´‹ã‹Ù‹¨
(èªÕ_èªˆüíÛ)•_«•_ø•_ã(èªÕ_èªˆüíÛ)•_«•_ø•_ã(èªÕ_èªˆüíÛ)•_«•_ø•_ã",Kusama,"@Rushiru0612 
(èªÕ_èªˆüíÛ)•_«•_ø•_ã‹ ‹âÒ
(èªÕ_èªˆüíÛ)•_«•_ø•_ã‹_‹
(èªÕ_èªˆüíÛ)•_«•_ø•_ãŒàÁ‹ÄÙ‹â_‹âã‹»w",Kusama,"RT @cirosatabolarc: Yayoi Kusama, Flower, 1989. https://t.co/rxwqLqaMuK",Kusama,"RT @cirosatabolarc: Yayoi Kusama, Flower, 1989. https://t.co/rxwqLqaMuK",Kusama,"@kusama_wolf 
(èªÕ_èªˆüíÛ)•_«•_ø•_ã‹È‹âÒ‹¬‹‹âÎ‹»
(èªÕ_èªˆüíÛ)•_«•_ø•_ã‹ã‹_‹¥
TL‹ÇäĞÒ‹¨‹Äã‹â_‹Ä_‹ÄöŒà¼‹_‹Ò‹âÒ‹‹_
(èªÕ_èªˆüíÛ)•_«•_ø•_ã‹ö•_Ù‹£‹_‹»‹£‹_
(èªÕ_èªˆüíÛ)•_«•_ø•_ãÛ_Ù´‹Ü‹âääĞÒ‹¨‹Äİ‹Ä_‹ÄÊ_Ü‹Ù‹âä
(èªÕ_èªˆüíÛ)•_«•_ø•_ã‹Ä¥‹â©‹Ä_‹Ä_‹Ñ‹_‹ü‹âÒ‹Ü‹£‹Ù
(èªÕ_èªˆüíÛ)•_«•_ø•_ã‹â‹â‹Ù",Kusama,RT @PaulisGreat2000: Shout out to the ludicrously talented director Karyn Kusama this #InternationalWomensDay - made one of my faves last y‰Û_,Kusama,"Yayoi Kusama, Flower, 1989. https://t.co/rxwqLqaMuK",Kusama,"@Esu_Jinrou 
Š__ŒÊ«‹¨ŒŒä¾¥ª‹ö‹_‹‹âÎ‹âÎ‹¡¾_Ï«¢‹Ü‹Ô‹_‹âã‹âÜ",Kusama,"@Rushiru0612 
(èªÕ_èªˆüíÛ)•_«•_ø•_ã‹‹âÎ‹ø
(èªÕ_èªˆüíÛ)•_«•_ø•_ã‹Äø‹Ä_‹âÀ‹âÁ‹âÁ‹âÁ",Kusama,"@kusama_wolf 
(èªÕ_èªˆüíÛ)•_«•_ø•_ã‹‹âÎ‹»
(èªÕ_èªˆüíÛ)•_«•_ø•_ã‹_‹Ü
(èªÕ_èªˆüíÛ)•_«•_ø•_ã‹Ä¥‹â©‹Ä_¾äÀ»‹Ñ‹_
(èªÕ_èªˆüíÛ)•_«•_ø•_ãà»Œö ‹Ä¥‹â©‹Ä_‹Ä_‹ª‹âÜ‹¨
(èªÕ_èªˆüíÛ)•_«•_ø•_ãŒÀ÷‹âÎ‹Ù‹Ê‹Ô(èªÕ_èªˆüíÛ)•_«•_ø•_ã
(èªÕ_èªˆüíÛ)•_«•_ø•_ã",Kusama,"@Rushiru0612 
(èªÕ_èªˆüíÛ)•_«•_ø•_ã‹Ù‹¦‹âÒ
(èªÕ_èªˆüíÛ)•_«•_ø•_ãŠ_ÒÏÙ‹£Š¼Î‹_",Kusama,"@Rushiru0612 
(èªÕ_èªˆüíÛ)•_«•_ø•_ãŒä‹Ä¥‹â©‹Ä_‹Ä_‹Ñ‹_‹‹âÎ‹_‹Ù‹âã‹âÒ‹»
(èªÕ_èªˆüíÛ)•_«•_ø•_ãŠÀ¼‹ââ‹â‹Ü‹âÒ‹_",Kusama,"@kusama_wolf 
(èªÕ_èªˆüíÛ)•_«•_ø•_ã
Œ__Œö 
(èªÕ_èªˆüíÛ)•_«•_ø•_ãÑİ‹ã
(èªÕ_èªˆüíÛ)•_«•_ø•_ã‹â‹âÒ‹Á‹âÄ‹âÒ
¾_È‹Â(èªÕ_èªˆüíÛ)•_«•_ø•_ã(èªÕ_èªˆüíÛ)•_«•_ø•_ã",Kusama,"@Rushiru0612 
(èªÕ_èªˆüíÛ)•_«•_ø•_ã
‹‹âÎŒ_Ò‹Ù‹£‹Ù‹âäÑİ‹‹ 
(èªÕ_èªˆüíÛ)•_«•_ø•_ã",Kusama,RT @agotoronto: We're thrilled to host this exhibition in 2017 by this important artist https://t.co/bd9EtowgxB #5womenartists #IWD2017 #in‰Û_,https://www.wsj.com/articles/the-unstoppable-yayoi-kusama-1486394644Kusama,"RT @cirosatabolarc: Yayoi Kusama (Japanese, b. 1929), The Scent of a Flower Garden, 2015. https://t.co/oDdBNo29ux",Kusama,RT @agotoronto: We're thrilled to host this exhibition in 2017 by this important artist https://t.co/bd9EtowgxB #5womenartists #IWD2017 #in‰Û_,https://www.wsj.com/articles/the-unstoppable-yayoi-kusama-1486394644Kusama,"@kusama_wolf 
(èªÕ_èªˆüíÛ)•_«•_ø•_ã https://t.co/EcIU7lLQBy",Kusama,"Yayoi Kusama (Japanese, b. 1929), The Scent of a Flower Garden, 2015. https://t.co/oDdBNo29ux",Kusama,RT @byShosh: Celebrated #IWD2017 basking in the genius of Yayoi Kusama @hirshhorn _ÙÓ«‰_»•ü_ÙÓµ https://t.co/R2AI8R5Wix,Kusama,"RT @womensart1: 'I wanted to start a revolution, using art to build the sort of society I myself envisioned' Yayoi Kusama #InternationalWom‰Û_",Kusama,the hirshhorn museum hosts six immersive infinity mirror rooms by yayoi kusama - designboom https://t.co/0G4A0oK9ib https://t.co/IOTtbUsEYK,http://buff.ly/2mnfnoRKusama,"@Rushiru0612 
(å«‹ÄÈìä‹ÄÈ)‹_ https://t.co/4Kibb9p8mJ",Kusama,"RT @kusama2017: ‹ÛŠÈ_¾Ñ´‹¨‹â‹Î‹Ù‹_‹ÛÔÛ£Š_Ï‹ÛÎ‹â‹Î¾¡üÊ‹¨_â‹Û‹âö‹â_‹Û_Õ‹ã¾¡«_ä‹ÛÜ
2010Œ_«å©YAYOI KUSAMA
#äĞÒŒ_ÎÓÙ #‹â‹Î¾¡üÊ‹¨_â https://t.co/M5FUaWm510",Kusama,RT @designboom: immerse yourself in six of #yayoikusama's infinity mirror rooms at the @hirshhorn https://t.co/AgF4zCmpV1 https://t.co/VZVA‰Û_,http://www.designboom.com/art/yayoi-kusama-hirshhorn-museum-six-immersive-infinity-mirror-rooms-03-08-2017/Kusama,"@toshik825 
‰ÏÜ(‰Ñä ìä ‰Ñä•_Û)‹âö‹_
ŒÉÄJAKE‹Ê‹âö",Kusama,the hirshhorn museum hosts six immersive infinity mirror rooms by yayoi kusama - https://t.co/FbeP6MHf4u,http://klou.tt/dewv7kn6rh74Kusama,"RT @womensart1: 'I wanted to start a revolution, using art to build the sort of society I myself envisioned' Yayoi Kusama #InternationalWom‰Û_",Kusama,"@hide_jnr_mura 
‹ã‹ã¾ªøä_•_",Kusama,"@kusama_wolf @Jmuras04 
‹ª‹À‹¥‹âÒ‹¨Œ¨¦¾´‹¬‹Ñ‹_ÊÔŒ_µ‹â_‹_‹ª[Œ£]•_´ìä•_´*) •_À•_¡•_ø•_ø‰ª»",Kusama,"@Jmuras04 
(å«^_«^•_Û)•_Ï•_İ•_Û
‹_‹ÊÔŒ_µ‹âÎ‹Ä»‹Ä_‹ÄÛ‹Ä_w",Kusama,RT @agotoronto: We're thrilled to host this exhibition in 2017 by this important artist https://t.co/bd9EtowgxB #5womenartists #IWD2017 #in‰Û_,https://www.wsj.com/articles/the-unstoppable-yayoi-kusama-1486394644Kusama,"Yayoi Kusama, one of the most talented, eccentric, and pure artists I have ever heard of.‰Û_ https://t.co/SrVhblQyEu",https://twitter.com/i/web/status/839634431883247617Kusama,"@ran_wolf_ 
‰ÏÜ(‰Ñä ìä ‰Ñä•_Û)‹âö‹_",Kusama,Cantik... Putar putar.... Sindu kusama edupark https://t.co/cqPGoRR4T6,Kusama,RT @agotoronto: We're thrilled to host this exhibition in 2017 by this important artist https://t.co/bd9EtowgxB #5womenartists #IWD2017 #in‰Û_,https://www.wsj.com/articles/the-unstoppable-yayoi-kusama-1486394644Kusama,RT @designboom: immerse yourself in six of #yayoikusama's infinity mirror rooms at the @hirshhorn https://t.co/AgF4zCmpV1 https://t.co/VZVA‰Û_,http://www.designboom.com/art/yayoi-kusama-hirshhorn-museum-six-immersive-infinity-mirror-rooms-03-08-2017/Kusama,"@foxdejinrou 
‹ ‹âÛ•_‹âö‹â‹Ñ‹‹»•_",Kusama,We're thrilled to host this exhibition in 2017 by this important artist https://t.co/bd9EtowgxB #5womenartists‰Û_ https://t.co/jfGMgQeKrn,https://www.wsj.com/articles/the-unstoppable-yayoi-kusama-1486394644Kusama,@R_KUSAMA_nico ‹â‹â_‹Î‹¬‹Ä_‹Ä_‹Ä_‹Ä_•_•_•_,Kusama,RT @designboom: immerse yourself in six of #yayoikusama's infinity mirror rooms at the @hirshhorn https://t.co/AgF4zCmpV1 https://t.co/VZVA‰Û_,http://www.designboom.com/art/yayoi-kusama-hirshhorn-museum-six-immersive-infinity-mirror-rooms-03-08-2017/Kusama,"RT @womensart1: 'I wanted to start a revolution, using art to build the sort of society I myself envisioned' Yayoi Kusama #InternationalWom‰Û_",Kusama,the hirshhorn museum hosts six immersive infinity mirror rooms by yayoi kusama - https://t.co/rX7y3KevtU,http://klou.tt/1orjkdv82hfqeKusama,"RT @womensart1: 'I wanted to start a revolution, using art to build the sort of society I myself envisioned' Yayoi Kusama #InternationalWom‰Û_",Kusama,@Npapapa ‹_‹_‹_‹_‹_‹_‹_!!‹_‹ã‹Ç!!!!‹_‹â‹¤‹¬‹_‹_‹_‹_‹_‹_‹_‹_,Kusama,"25. Karyn Kusama - ""Girlfight"" Michelle Rodriguez's best performance. Every Native girl I know loves this movie.‰Û_ https://t.co/GFQWD4uxcj",https://twitter.com/i/web/status/839632530563350530Kusama,the hirshhorn museum hosts six immersive infinity mirror rooms by yayoi kusama - https://t.co/0hgfW16GSp,http://klou.tt/dmwnoufdrchdKusama,A room of endless #LED starlight - https://t.co/df34vgG601 #Lighting #Art #Design @TheBroad #BeInspired with #light,http://ow.ly/YaXS309joKsKusama,"The Kusama experience: too quick, too wild, too everything. Looking forward to going back. https://t.co/qVdAaYW1w6",Kusama,What better way to celebrate International Women's Day than go see Yayoi Kusama's brilliant‰Û_ https://t.co/gCoWwWNQrK,https://www.instagram.com/p/BRZZ22dgC1J/Kusama,"RT @hirshhorn: Tomorrow: Midori Yamamura, Miwako Tezuka, and Gloria Sutton discuss the history and lasting legacy of Yayoi Kusama! https://‰Û_",Kusama,"Tomorrow: Midori Yamamura, Miwako Tezuka, and Gloria Sutton discuss the history and lasting legacy of Yayoi Kusama!‰Û_ https://t.co/W0wTbDDeca",https://twitter.com/i/web/status/839630583655514114Kusama,"RT @kusama2017: ‹ÛŠÈ_¾Ñ´‹¨‹â‹Î‹Ù‹_‹ÛÔÛ£Š_Ï‹ÛÎ‹â‹Î¾¡üÊ‹¨_â‹Û‹âö‹â_‹Û_Õ‹ã¾µá‹¨Œ¼¥‹ÛÜ
2010Œ_«å©YAYOI KUSAMA
#äĞÒŒ_ÎÓÙ #‹â‹Î¾¡üÊ‹¨_â https://t.co/OjvXk5cq2a",Kusama,RT @designboom: immerse yourself in six of #yayoikusama's infinity mirror rooms at the @hirshhorn https://t.co/AgF4zCmpV1 https://t.co/VZVA‰Û_,http://www.designboom.com/art/yayoi-kusama-hirshhorn-museum-six-immersive-infinity-mirror-rooms-03-08-2017/Kusama,RT @smgfoster: The art of Yayoi Kusama. Phenomenal experience. #InfiniteKusama https://t.co/TVopxFTT8n,Kusama,Shout out to the ludicrously talented director Karyn Kusama this #InternationalWomensDay - made one of my faves las‰Û_ https://t.co/3YhMQHj7WO,https://twitter.com/i/web/status/839630188925300737Kusama,RT @TorontoFAC: Yayoi Kusama: ‰Û÷I overcame dark days with the power of art‰Ûª https://t.co/Y5hSR8Y5Jg #FeministArt #WomenInArt https://t.co/lX‰Û_,http://www.dazeddigital.com/artsandculture/article/31271/1/yayoi-kusama-i-overcame-dark-days-with-the-power-of-artKusama,RT @SalomeGemme: Yayoi Kusama https://t.co/ajTx9Jdi61,Kusama,RT @designboom: immerse yourself in six of #yayoikusama's infinity mirror rooms at the @hirshhorn https://t.co/AgF4zCmpV1 https://t.co/VZVA‰Û_,http://www.designboom.com/art/yayoi-kusama-hirshhorn-museum-six-immersive-infinity-mirror-rooms-03-08-2017/Kusama,"RT @honolulumag: Get lost in Yayoi Kusama‰Ûªs trippy new #Hawaii exhibit with infinite polka dots:
https://t.co/s56Zvh7DqK https://t.co/44g40‰Û_",http://bit.ly/2mjVYU5Kusama,RT @smgfoster: The art of Yayoi Kusama. Phenomenal experience. #InfiniteKusama https://t.co/TVopxFTT8n,